{
    "OL": [
        [
            42.300926,
            -71.114129
        ],
        [
            42.309832,
            -71.108059
        ],
        [
            42.317062,
            -71.104248
        ],
        [
            42.323132,
            -71.099592
        ],
        [
            42.330671,
            -71.096121
        ],
        [
            42.33649,
            -71.089684
        ],
        [
            42.340927,
            -71.084188
        ],
        [
            42.34735,
            -71.075727
        ],
        [
            42.349662,
            -71.063917
        ],
        [
            42.352547,
            -71.062752
        ],
        [
            42.355518,
            -71.060225
        ],
        [
            42.358978,
            -71.057598
        ],
        [
            42.363021,
            -71.05829
        ],
        [
            42.36528,
            -71.060205
        ],
        [
            42.373622,
            -71.069533
        ],
        [
            42.383975,
            -71.076994
        ],
        [
            42.392331,
            -71.077262
        ],
        [
            42.401505,
            -71.077252
        ],
        [
            42.426677,
            -71.074381
        ],
        [
            42.437735,
            -71.070875
        ]
    ],
    "BL": [
        [
            42.361365,
            -71.062037
        ],
        [
            42.359705,
            -71.059215
        ],
        [
            42.358978,
            -71.057598
        ],
        [
            42.359784,
            -71.051652
        ],
        [
            42.369119,
            -71.03953
        ],
        [
            42.374262,
            -71.030395
        ],
        [
            42.37974,
            -71.022818
        ],
        [
            42.386909,
            -71.004809
        ],
        [
            42.390422,
            -70.997323
        ],
        [
            42.397219,
            -70.992647
        ],
        [
            42.40776,
            -70.992586
        ],
        [
            42.413514,
            -70.991714
        ]
    ],
    "RLA": [
        [
            42.396158,
            -71.139971
        ],
        [
            42.39674,
            -71.121815
        ],
        [
            42.3884,
            -71.119149
        ],
        [
            42.373362,
            -71.118956
        ],
        [
            42.365304,
            -71.103621
        ],
        [
            42.362355,
            -71.085605
        ],
        [
            42.361187,
            -71.071505
        ],
        [
            42.356395,
            -71.062424
        ],
        [
            42.355518,
            -71.060225
        ],
        [
            42.352271,
            -71.055242
        ],
        [
            42.342622,
            -71.056967
        ],
        [
            42.330154,
            -71.057655
        ],
        [
            42.320418,
            -71.052287
        ],
        [
            42.310603,
            -71.053678
        ],
        [
            42.299993,
            -71.062021
        ],
        [
            42.293126,
            -71.065738
        ],
        [
            42.284508,
            -71.063833
        ]
    ],
    "RLB": [
        [
            42.396158,
            -71.139971
        ],
        [
            42.39674,
            -71.121815
        ],
        [
            42.3884,
            -71.119149
        ],
        [
            42.373362,
            -71.118956
        ],
        [
            42.365304,
            -71.103621
        ],
        [
            42.362355,
            -71.085605
        ],
        [
            42.361187,
            -71.071505
        ],
        [
            42.356395,
            -71.062424
        ],
        [
            42.355518,
            -71.060225
        ],
        [
            42.352271,
            -71.055242
        ],
        [
            42.342622,
            -71.056967
        ],
        [
            42.330154,
            -71.057655
        ],
        [
            42.320418,
            -71.052287
        ],
        [
            42.27577,
            -71.030194
        ],
        [
            42.266762,
            -71.020542
        ],
        [
            42.251809,
            -71.005409
        ],
        [
            42.233391,
            -71.007153
        ],
        [
            42.207424,
            -71.001645
        ]
    ],
    "GLB": [
        [
            42.34024,
            -71.166849
        ],
        [
            42.339581,
            -71.157499
        ],
        [
            42.33829,
            -71.153025
        ],
        [
            42.34054,
            -71.15114
        ],
        [
            42.341577,
            -71.146607
        ],
        [
            42.343974,
            -71.142731
        ],
        [
            42.348819,
            -71.140051
        ],
        [
            42.348546,
            -71.137362
        ],
        [
            42.348919,
            -71.134305
        ],
        [
            42.350602,
            -71.130727
        ],
        [
            42.351651,
            -71.12551
        ],
        [
            42.351695,
            -71.120257
        ],
        [
            42.351066,
            -71.115027
        ],
        [
            42.350148,
            -71.107455
        ],
        [
            42.349811,
            -71.104657
        ],
        [
            42.349276,
            -71.100213
        ],
        [
            42.348949,
            -71.095169
        ],
        [
            42.347888,
            -71.087903
        ],
        [
            42.350126,
            -71.077376
        ],
        [
            42.351902,
            -71.070893
        ],
        [
            42.353214,
            -71.064545
        ],
        [
            42.356395,
            -71.062424
        ],
        [
            42.359705,
            -71.059215
        ]
    ],
    "GLC": [
        [
            42.336216,
            -71.149201
        ],
        [
            42.336964,
            -71.145867
        ],
        [
            42.337807,
            -71.141753
        ],
        [
            42.338498,
            -71.138731
        ],
        [
            42.339471,
            -71.135139
        ],
        [
            42.33969,
            -71.131228
        ],
        [
            42.340053,
            -71.128869
        ],
        [
            42.34112,
            -71.125652
        ],
        [
            42.342274,
            -71.120915
        ],
        [
            42.34334,
            -71.116927
        ],
        [
            42.344117,
            -71.114097
        ],
        [
            42.344758,
            -71.111761
        ],
        [
            42.345884,
            -71.107697
        ],
        [
            42.348949,
            -71.095169
        ],
        [
            42.347888,
            -71.087903
        ],
        [
            42.350126,
            -71.077376
        ],
        [
            42.351902,
            -71.070893
        ],
        [
            42.353214,
            -71.064545
        ],
        [
            42.356395,
            -71.062424
        ],
        [
            42.359705,
            -71.059215
        ]
    ],